From,To,R,X,Y_2
1,  2,  0.01008,   0.05040,   0.05125
1,  3,  0.00744,   0.03720,   0.03875
2,  4,  0.00744,   0.03720,   0.03875
3,  4,  0.01272,   0.06360,   0.06375